IDseq ,Nucleotide
RNFCAR_LCO_HCO_01,AACTTTATACTTTATTTTTGGTGCATGAGCAGGAATAGTAGGAACCTCTTTAAGAATACTAATTCGTGCTGAATTAGGAAATCCAGGAGCATTAATTGGAGATGACCAAGTTTATAATGTTATTGTAACAGCTCATGCATTTGTAATAATTTTCTTCATAGTAATACCTATCATAATTGGAGGATTTGGAAACTGATTAGTTCCTTTAATATTAGGAGCCCCAGATATAGCATTTCCTCGAATAAATAATATAAGTTTTTGACTTCTTCCTCCTTCATTAACCTTGCTACTAATAAGAAGTATAGTCGAAAGAGGAGCTGGTACAGGTTGAACTGTCTACCCCCCACTTTCTTCTGGTATTGCTCATAGAGGAGCTTCAGTAGATTTAGCTATTTTTAGTTTACATTTAGCAGGAATTTCATCTATTTTAGGAGCTGTTAATTTTATTACTACAATTATTAATATACGTTCAGTAGGAATAACTTTTGATCGTATACCTTTATTTGTTTGATCAGTTGGAATTACTGCTTTACTATTATTATTATCTTTACCAGTATTAGCAGGAGCTATTACTATACTTTTAACAGATCGAAATTTAAATACTTCTTTTTTTGATCCTGCTGGAGGAGGTGATCCAATTCTTTATCAACATTTATTT
RNFCAR_LCO_HCO_02,AACTTTATACTTTATTTTTGGTGCATGAGCAGGAATAGTAGGAACCTCTTTAAGAATACTAATTCGTGCTGAATTAGGAAATCCAGGAGCATTAATTGGAGATGACCAAGTTTATAATGTTATTGTAACAGCTCATGCATTTGTAATAATTTTCTTCATAGTAATACCTATCATAATTGGAGGATTTGGAAACTGATTAGTTCCTTTAATATTAGGAGCCCCAGATATAGCATTTCCTCGAATAAATAATATAAGTTTTTGACTTCTTCCTCCTTCATTAACCTTGCTACTAATAAGAAGTATAGTCGAAAGAGGAGCTGGTACAGGTTGAACTGTCTACCCCCCACTTTCTTCTGGTATTGCTCATAGAGGAGCTTCAGTAGATTTAGCTATTTTTAGTTTACATTTAGCAGGAATTTCATCTATTTTAGGAGCTGTTAATTTTATTACTACAATTATTAATATACGTTCAGTAGGAATAACTTTTGATCGTATACCTTTATTTGTTTGATCAGTTGGAATTACTGCTTTACTATTATTATTATCTTTACCAGTATTAGCAGGAGCTATTACTATACTTTTAACAGATCGAAATTTAAATACTTCTTTTTTTGATCCTGCTGGAGGAGGTGATCCAATTCTTTATCAACATTTATTT
RNFCAR_LCO_HCO_03,AACTTTATACTTTATTTTTGGTGCATGAGCAGGAATAGTAGGAACCTCTTTAAGAATACTAATTCGTGCTGAATTAGGAAATCCAGGAGCATTAATTGGAGATGACCAAGTTTATAATGTTATTGTAACAGCTCATGCATTTGTAATAATTTTCTTCATAGTAATACCTATCATAATTGGAGGATTTGGAAACTGATTAGTTCCTTTAATATTAGGAGCCCCAGATATAGCATTTCCTCGAATAAATAATATAAGTTTTTGACTTCTTCCTCCTTCATTAACCTTGCTACTAATAAGAAGTATAGTCGAAAGAGGAGCTGGTACAGGTTGAACTGTCTACCCCCCACTTTCTTCTGGTATTGCTCATAGAGGAGCTTCAGTAGATTTAGCTATTTTTAGTTTACATTTAGCAGGAATTTCATCTATTTTAGGAGCTGTTAATTTTATTACTACAATTATTAATATACGTTCAGTAGGAATAACTTTTGATCGTATACCTTTATTTGTTTGATCAGTTGGAATTACTGCTTTACTATTATTATTATCTTTACCAGTATTAGCAGGAGCTATTACTATACTTTTAACAGATCGAAATTTAAATACTTCTTTTTTTGATCCTGCTGGAGGAGGTGATCCAATTCTTTATCAACATTTATTT
RNFCAR_LCO_HCO_04,AACTTTATATTTTATTTTTGGTATATGAGCAGGAATAGTAGGAACTTCATTAAGAATATTAATTCGTGCTGAATTAGGTAATCCTGGATCATTAATTGGGGATGATCAAATTTATAATGTTATTGTTACTGCACATGCATTTGTTATAATTTTTTTTATAGTTATACCAATTATAATTGGAGGATTTGGAAATTGATTAGTTCCTTTAATATTAGGAGCTCCTGATATAGCTTTCCCTCGAATAAATAATATAAGTTTTTGATTATTACCTCCTTCTTTAACATTACTTTTAATAAGTAGTATAGTTGAAAATGGATCTGGTACAGGATGAACAGTATACCCTCCTTTATCATCAGGAATTGCACATGCAGGAGCTTCAGTTGATTTAGCTATTTTTAGTTTACATTTAGCTGGAATTTCTTCTATTTTAGGAGCAGTAAATTTTATTACTACAATTATTAATATACGATCTACAGGAATAACATTTGATCGAATACCATTATTTGTTTGATCTGTAGGAATTACTGCTTTATTATTACTTCTTTCATTACCTGTATTAGCTGGTGCTATTACTATACTATTAACAGATCGAAATTTAAATACTTCTTTTTTTGACCCAGCTGGTGGAGGGGATCCTATTTTATATCAACATTTATTT
RNFCAR_LCO_HCO_05,AACTTTATATTTTATTTTTGGTATATGAGCAGGAATAGTAGGAACTTCATTAAGAATATTAATTCGTGCTGAATTAGGTAATCCTGGATCATTAATTGGGGATGATCAAATTTATAATGTTATTGTTACTGCACATGCATTTGTTATAATTTTTTTTATAGTTATACCAATTATAATTGGAGGATTTGGAAATTGATTAGTTCCTTTAATATTAGGAGCTCCTGATATAGCTTTCCCTCGAATAAATAATATAAGTTTTTGATTATTACCTCCTTCTTTAACATTACTTTTAATAAGTAGTATAGTTGAAAATGGATCTGGTACAGGATGAACAGTATACCCTCCTTTATCATCAGGAATTGCACATGCAGGAGCTTCAGTTGATTTAGCTATTTTTAGTTTACATTTAGCTGGAATTTCTTCTATTTTAGGAGCAGTAAATTTTATTACTACAATTATTAATATACGATCTACAGGAATAACATTTGATCGAATACCATTATTTGTTTGATCTGTAGGAATTACTGCTTTATTATTACTTCTTTCATTACCTGTATTAGCTGGTGCTATTACTATACTATTAACAGATCGAAATTTAAATACTTCTTTTTTTGACCCAGCTGGTGGAGGGGATCCTATTTTATATCAACATTTATTT
RNFCAR_LCO_HCO_06,AACTTTATATTTTATTTTTGGTATATGAGCAGGAATAGTAGGAACTTCATTAAGAATATTAATTCGTGCTGAATTAGGTAATCCTGGATCATTAATTGGGGATGATCAAATTTATAATGTTATTGTTACTGCACATGCATTTGTTATAATTTTTTTTATAGTTATACCAATTATAATTGGAGGATTTGGAAATTGATTAGTTCCTTTAATATTAGGAGCTCCTGATATAGCTTTCCCTCGAATAAATAATATAAGTTTTTGATTATTACCTCCTTCTTTAACATTACTTTTAATAAGTAGTATAGTTGAAAATGGATCTGGTACAGGATGAACAGTATACCCTCCTTTATCATCAGGAATTGCACATGCAGGAGCTTCAGTTGATTTAGCTATTTTTAGTTTACATTTAGCTGGAATTTCTTCTATTTTAGGAGCAGTAAATTTTATTACTACAATTATTAATATACGATCTACAGGAATAACATTTGATCGAATACCATTATTTGTTTGATCTGTAGGAATTACTGCTTTATTATTACTTCTTTCATTACCTGTATTAGCTGGTGCTATTACTATACTATTAACAGATCGAAATTTAAATACTTCTTTTTTTGACCCAGCTGGTGGAGGGGATCCTATTTTATATCAACATTTATTT
RNFCAR_LCO_HCO_07,AACATTATATTTTATCTTCGGAGCATGAGCAGGAATAGTAGGAACTTCATTAAGTATACTAATTCGAGCTGAATTAGGAACTCCTGGTGCATTAATTGGTGATGATCAAATTTATAATGTTATTGTTACTGCACATGCTTTTATCATAATTTTTTTTATAGTTATACCTATTATAATTGGAGGATTTGGAAATTGATTAGTACCTTTAATATTAGGTGCTCCTGATATAGCCTTTCCTCGTATAAATAATATAAGTTTTTGACTACTTCCTCCTTCATTAACTCTTCTTTTAATAAGAAGAATAGTAGAAAGAGGAGCTGGAACTGGATGAACAGTTTATCCCCCCTTATCATCTGGGATTGCTCATAGAGGAGCTTCAGTAGATTTAGCAATTTTTAGCTTACATTTAGCTGGTGTTTCTTCAATTTTAGGTGCAGTAAATTTTATTACTACAATTATTAATATACGATCAGTAGGAATAACATTTGATCGAATACCATTATTTGTATGATCAGTAGGAATTACTGCATTACTTTTACTTTTATCTTTACCAGTATTAGCTGGAGCTATTACTATACTATTAACAGATCGAAATTTAAATACTTCTTTTTTTGATCCTGCTGGAGGAGGAGATCCAATTTTATATCAACATTTATTT
RNFCAR_LCO_HCO_08,AACATTATATTTTATCTTCGGAGCATGAGCAGGAATAGTAGGAACTTCATTAAGTATACTAATTCGAGCTGAATTAGGAACTCCTGGTGCATTAATTGGTGATGATCAAATTTATAATGTTATTGTTACTGCACATGCTTTTATCATAATTTTTTTTATAGTTATACCTATTATAATTGGAGGATTTGGAAATTGATTAGTACCTTTAATATTAGGTGCTCCTGATATAGCCTTTCCTCGTATAAATAATATAAGTTTTTGACTACTTCCTCCTTCATTAACTCTTCTTTTAATAAGAAGAATAGTAGAAAGAGGAGCTGGAACTGGATGAACAGTTTATCCCCCCTTATCATCTGGGATTGCTCATAGAGGAGCTTCAGTAGATTTAGCAATTTTTAGCTTACATTTAGCTGGTGTTTCTTCAATTTTAGGTGCAGTAAATTTTATTACTACAATTATTAATATACGATCAGTAGGAATAACATTTGATCGAATACCATTATTTGTATGATCAGTAGGAATTACTGCATTACTTTTACTTTTATCTTTACCAGTATTAGCTGGAGCTATTACTATACTATTAACAGATCGAAATTTAAATACTTCTTTTTTTGATCCTGCTGGAGGAGGAGATCCAATTTTATATCAACATTTATTT
RNFCAR_LCO_HCO_09,AACATTATATTTTATCTTCGGAGCATGAGCAGGAATAGTAGGAACTTCATTAAGTATACTAATTCGAGCTGAATTAGGAACTCCTGGTGCATTAATTGGTGATGATCAAATTTATAATGTTATTGTTACTGCACATGCTTTTATCATAATTTTTTTTATAGTTATACCTATTATAATTGGAGGATTTGGAAATTGATTAGTACCTTTAATATTAGGTGCTCCTGATATAGCCTTTCCTCGTATAAATAATATAAGTTTTTGACTACTTCCTCCTTCATTAACTCTTCTTTTAATAAGAAGAATAGTAGAAAGAGGAGCTGGAACTGGATGAACAGTTTATCCCCCCTTATCATCTGGGATTGCTCATAGAGGAGCTTCAGTAGATTTAGCAATTTTTAGCTTACATTTAGCTGGTGTTTCTTCAATTTTAGGTGCAGTAAATTTTATTACTACAATTATTAATATACGATCAGTAGGAATAACATTTGATCGAATACCATTATTTGTATGATCAGTAGGAATTACTGCATTACTTTTACTTTTATCTTTACCAGTATTAGCTGGAGCTATTACTATACTATTAACAGATCGAAATTTAAATACTTCTTTTTTTGATCCTGCTGGAGGAGGAGATCCAATTTTATATCAACATTTATTT
RNFCAR_LCO_10,---------------------------------------------TTCATTAAGCATACTAATTCGAGCTGAATTGGGGACTCCTGGTGCATTGATTGGTGATGATCAAATTTATAATGTTATTGTTACTGCACATGCTTTTATTATAATTTTCTTTATAGTAATACCTATTATAATTGGAGGATTTGGAAATTGATTAGTACCTTTAATATTAGGTGCTCCTGATATAGCCTTTCCTCGTATAAATAATATAAGTTTTTGATTACTTCCCCCTTCTTTAACTCTTCTTTTAATAAGAAGAATAGTAGAAAGAGGAGCTGGAACTGGATGAACAGTATATCCACCTTTATCATCTGGAATTGCTCATAGAGGAGCTTCAGTAGATTTAGCAATTTTTAGACTACATTTAGCTGGAGTTTCTTCAATTTTAGGTGCAGTAAATTTCATTACTACAATTATTAATATACGATCAGTAGGAATAACATTTGATCGAATACCATTATTTGTTTGATCAGTAGGTATTACTGCATTACTTTTACTTTTATCTTTACCAGTATTAGCTGGGGCTATTACTATATTATTAACAGATCGAAATTTAAATACTTCTTTCTTTGATCCTGCAGGAGGAGGAGATCCTATTTTATATCAACATTTATTT
RNFCAR_LCO_HCO_11,AACATTATATTTTATTTTCGGAGCATGAGCAGGGATGGTAGGAACTTCATTAAGCATACTAATTCGAGCTGAATTGGGGACTCCTGGTGCATTGATTGGTGATGATCAAATTTATAATGTTATTGTTACTGCACATGCTTTTATTATAATTTTCTTTATAGTAATACCTATTATAATTGGAGGATTTGGAAATTGATTAGTACCTTTAATATTAGGTGCTCCTGATATAGCCTTTCCTCGTATAAATAATATAAGTTTTTGATTACTTCCCCCTTCTTTAACTCTTCTTTTAATAAGAAGAATAGTAGAAAGAGGAGCTGGAACTGGATGAACAGTATATCCACCTTTATCATCTGGAATTGCTCATAGAGGAGCTTCAGTAGATTTAGCAATTTTTAGACTACATTTAGCTGGAGTTTCTTCAATTTTAGGTGCAGTAAATTTCATTACTACAATTATTAATATACGATCAGTAGGAATAACATTTGATCGAATACCATTATTTGTTTGATCAGTAGGTATTACTGCATTACTTTTACTTTTATCTTTACCAGTATTAGCTGGGGCTATTACTATATTATTAACAGATCGAAATTTAAATACTTCTTTCTTTGATCCTGCAGGAGGAGGAGATCCTATTTTATATCAACATTTATTT
RNFCAR_LCO_HCO_12,AACATTATATTTTATTTTCGGAGCATGAGCAGGGATGGTAGGAACTTCATTAAGCATACTAATTCGAGCTGAATTGGGGACTCCTGGTGCATTGATTGGTGATGATCAAATTTATAATGTTATTGTTACTGCACATGCTTTTATTATAATTTTCTTTATAGTAATACCTATTATAATTGGAGGATTTGGAAATTGATTAGTACCTTTAATATTAGGTGCTCCTGATATAGCCTTTCCTCGTATAAATAATATAAGTTTTTGATTACTTCCCCCTTCTTTAACTCTTCTTTTAATAAGAAGAATAGTAGAAAGAGGAGCTGGAACTGGATGAACAGTATATCCACCTTTATCATCTGGAATTGCTCATAGAGGAGCTTCAGTAGATTTAGCAATTTTTAGACTACATTTAGCTGGAGTTTCTTCAATTTTAGGTGCAGTAAATTTCATTACTACAATTATTAATATACGATCAGTAGGAATAACATTTGATCGAATACCATTATTTGTTTGATCAGTAGGTATTACTGCATTACTTTTACTTTTATCTTTACCAGTATTAGCTGGGGCTATTACTATATTATTAACAGATCGAAATTTAAATACTTCTTTCTTTGATCCTGCAGGAGGAGGAGATCCTATTTTATATCAACATTTATTT
RNFCAR_LCO_HCO_13,AACACTATACTTTATTTTTGGTGCATGATCAGGAATAGTCGGAACCTCTTTAAGAATGTTAATTCGACTTGAATTAGGAAACCCTGGATCACTAATTGGTGATGACCAAATTTATAATGTAATTGTTACTGCACATGCATTTGTAATAATTTTTTTTATAGTAATGCCTATTATAATTGGAGGTTTCGGAAACTGATTAGTTCCTTTAATACTAGGAGCTCCTGATATAGCATTCCCTCGAATAAATAACATGAGATTCTGACTGCTCCCCCCTTCTTTAACCCTTCTCCTTATAAGCAGCATAGTTGAGAGAGGAGCTGGCACAGGTTGAACAGTTTACCCACCACTTTCTTCTAATATTGCCCATAGAGGAGCCTCAGTTGACCTAGCTATTTTTAGTCTACATTTAGCTGGAATTTCTTCAATTTTAGGAGCTGTAAATTTTATTACTACAATTATCAATATACGATCTGTAGGAATAACTTTTGATCGAATACCTTTATTTGTCTGATCAGTAGGAATTACTGCTCTGTTACTATTACTATCATTACCTGTATTAGCTGGAGCAATCACAATACTTCTAACAGATCGAAATTTAAATACTTCATTTTTTGATCCTGCAGGAGGTGGAGACCCAATTTTATACCAACATTTATTT
RNFCAR_HCO_14,AACACTATACTTTATTTTTGGTGCATGATCAGGAATAGTCGGAACCTCTTTAAGAATGTTAATTCGACTTGAATTAGGAAACCCTGGATCACTAATTGGTGATGACCAAATTTATAATGTAATTGTTACTGCACATGCATTTGTAATAATTTTTTTTATAGTAATGCCTATTATAATTGGAGGTTTCGGAAACTGATTAGTTCCTTTAATACTAGGAGCTCCTGATATAGCATTCCCTCGAATAAATAACATGAGATTCTGACTGCTCCCCCCTTCTTTAACCCTTCTCCTTATAAGCAGCATAGTTGAGAGAGGAGCTGGCACAGGTTGAACAGTTTACCCACCACTTTCTTCTAATATTGCCCATAGAGGAGCCTCAGTTGACCTAGCTATTTTTAGTCTACATTTAGCTGGAATTTCTTCAATTTTAGGAGCTGTAAATTTTATTACTACAATTATCAATATACGATCTGTAGGAATAACTTTTGATCGAATACCTTTATTTGTCTGATC
RNFCAR_HCO_15,AACACTATACTTTATTTTTGGTGCATGATCAGGAATAGTCGGAACCTCTTTAAGAATGTTAATTCGACTTGAATTAGGAAACCCTGGATCACTAATTGGTGATGACCAAATTTATAATGTAATTGTTACTGCACATGCATTTGTAATAATTTTTTTTATAGTAATGCCTATTATAATTGGAGGTTTCGGAAACTGATTAGTTCCTTTAATACTAGGAGCTCCTGATATAGCATTCCCTCGAATAAATAACATGAGATTCTGACTGCTCCCCCCTTCTTTAACCCTTCTCCTTATAAGCAGCATAGTTGAGAGAGGAGCTGGCACAGGTTGAACAGTTTACCCACCACTTTCTTCTAATATTGCCCATAGAGGAGCCTCAGTTGACCTAGCTATTTTTAGTCTACATTTAGCTGGAATTTCTTCAATTTTAGGAGCTGTAAATTTTATTACTACAATTATCAATATACGATCTGTAGGAATAACTTTTGATCGAATACCTTTATTTGTCTGATCAGTAGGAATTACTGCTCTGTTACTATTACTATCATTACCTGTATTAGC
RNFCAR_LCO_HCO_16,AACTTTATATTTTATTTTTGGTGCATGATCAGGAATAGTAGGAACTTCTTTAAGTATATTAATTCGAGCTGAATTAGGAAATCCTGGATCATTAATTGGTGACGATCAAATTTATAATGTTATTGTTACTGCTCATGCATTTGTTATAATTTTCTTTATAGTTATACCTATTATAATTGGGGGATTTGGAAATTGATTAGTTCCTTTAATATTAGGAGCTCCTGATATAGCCTTTCCTCGAATAAATAATATAAGTTTTTGACTTCTTCCCCCTTCTCTAACCCTTCTCTTAATAAGTAGTATAGTAGAAAGTGGTGCAGGGACAGGATGAACAGTTTACCCTCCACTATCATCTGGAATTGCTCATGCAGGAGCATCAGTAGATTTAGCTATTTTTAGTTTACATTTAGCAGGAGTATCATCAATTTTAGGAGCAGTAAATTTTATTACTACAATTATTAATATACGATCAGTAGGAATAACATTTGATCGAATACCTTTATTTGTTTGATCAGTAGGAATTACTGCTTTACTTTTATTACTTTCTTTACCTGTATTAGCAGGAGCAATTACTATATTATTAACAGATCGAAATTTAAATACTTCTTTTTTTGATCCAGCTGGGGGAGGAGATCCAATTCTTTATCAACATTTATTT
RNFCAR_LCO_HCO_18,AACTTTATATTTTATTTTTGGTGCATGATCAGGAATAGTAGGAACTTCTTTAAGTATATTAATTCGAGCTGAATTAGGAAATCCTGGATCATTAATTGGTGACGATCAAATTTATAATGTTATTGTTACTGCTCATGCATTTGTTATAATTTTCTTTATAGTTATACCTATTATAATTGGAGGATTTGGAAATTGATTAGTTCCTTTAATATTAGGGGCTCCTGATATAGCCTTTCCTCGAATAAATAATATAAGTTTTTGACTTCTTCCCCCTTCTCTAACCCTTCTCTTAATAAGAAGTATAGTAGAAAGCGGTGCAGGGACAGGATGAACAGTTTACCCTCCACTATCATCTGGAATTGCTCATGCAGGAGCATCAGTAGATTTAGCTATTTTTAGTTTACATTTAGCAGGAGTATCATCAATTTTAGGAGCAGTAAATTTTATTACTACAATTATTAATATACGATCAGTAGGAATAACATTTGATCGAATACCTTTATTTGTTTGATCAGTAGGAATTACTGCTTTACTTTTATTACTTTCTTTACCTGTATTAGCAGGAGCAATTACTATATTATTAACAGATCGAAATTTAAATACTTCTTTTTTTGATCCAGCTGGGGGAGGAGATCCAATTCTTTATCAACATTTATTT
RNFCAR_LCO_HCO_19,AACTTTATATTTTATTTTTGGTGCCTGATCAGGAATAGTAGGAACTTCATTAAGAATGTTGATTCGAGCTGAATTAGGAAACCCCGGATCATTAATTGGAGATGATCAAATTTACAATGTTATCGTTACAGCTCATGCCTTCGTAATAATTTTTTTTATAGTAATACCAATTATAATTGGAGGATTTGGAAATTGACTAGTCCCTTTAATACTAGGAGCCCCAGATATAGCATTTCCTCGAATAAATAACATAAGATTTTGACTTCTTCCCCCTTCCTTAACTCTCCTCCTAATAAGAAGTATAGTTGAAAAAGGAGCAGGTACAGGATGAACAGTATACCCCCCGCTCTCTTCCGGAATTGCTCATAGAGGGGCATCTGTAGATTTAGCTATTTTTAGATTACATTTAGCAGGAGTGTCTTCAATTTTAGGTGCTGTAAATTTTATTACCACAATTATTAACATACGATCTGTTGGAATGACTTTTGATCGAATACCTTTATTTGTGTGATCTGTTGGAATTACAGCATTATTATTACTTCTTTCATTACCAGTCTTAGCGGGAGCTATCACTATACTTTTAACTGATCGAAATTTAAACACTTCATTTTTTGACCCCGCAGGAGGGGGAGACCCAATTCTCTACCAACATCTATTT
RNFCAR_LCO_HCO_21,AACTTTATATTTTATTTTTGGTGCCTGATCAGGAATAGTAGGAACTTCATTAAGAATGTTGATTCGAGCTGAATTAGGAAACCCCGGATCATTAATTGGAGATGATCAAATTTACAATGTTATCGTTACAGCTCATGCCTTCGTAATAATTTTTTTTATAGTAATACCAATTATAATTGGAGGATTTGGAAATTGACTAGTCCCTTTAATACTAGGAGCCCCAGATATAGCATTTCCTCGAATAAATAACATAAGATTTTGACTTCTTCCCCCTTCCTTAACTCTCCTCCTAATAAGAAGTATAGTTGAAAAAGGAGCAGGTACAGGATGAACAGTATACCCCCCGCTCTCTTCCGGAATTGCTCATAGAGGGGCATCTGTAGATTTAGCTATTTTTAGATTACATTTAGCAGGAGTGTCTTCAATTTTAGGTGCTGTAAATTTTATTACCACAATTATTAACATACGATCTGTTGGAATGACTTTTGATCGAATACCTTTATTTGTATGATCTGTTGGAATTACAGCATTATTATTACTTCTTTCATTACCAGTCTTAGCAGGAGCTATCACTATACTTTTAACTGATCGAAATTTAAACACTTCATTTTTTGACCCCGCAGGAGGGGGAGACCCAATTCTCTACCAACATCTATTT
RNFCAR_LCO_22,---------------------------------------------------------------------------------------------------------------------------GTTACACGCTCATGCCTTCGTAATAATTTTTTTTATAGTAATACCAATTATAATTGGAGGATTTGGAAATTGACTAGTCCCTTTAATACTAGGAGCCCCAGATATAGCATTTCCTCGAATAAATAACATAAGATTTTGACTTCTTCCCCCTTCCTTAACTCTCCTCCTAATAAGAAGTATAGTTGAAAAAGGAGCAGGTACAGGATGAACAGTATACCCCCCGCTCTCTTCCGGAATTGCTCATAGAGGGGCATCTGTAGATTTAGCTATTTTTAGATTACATTTAGCAGGAGTGTCTTCAATTTTAGGTGCTGTAAATTTTATTACCACAATTATTAACATACGATCTGTTGGAATGACTTTTGATCGAATACCTTTATTTGTGTGATCTGTTGGAATTACAGCATTATTATTACTTCTTTCATTACCAGTCTTAGCGGGAGCTATCACTATACTTTTAACTGATCGAAATTTAAACACTTCATTTTTTGACCCCGCAGGAGGGGGAGACCCAATTCTCTACCAACATCTATTT
RNFCAR_LCO_HCO_23,AACTCTATATTTCATTTTTGGTGCCTGATCTGGAATAGTAGGAACTTCATTAAGAATATTAATCCGGGCCGAATTAGGTAATCCCGGATCCTTAATTGGAGATGACCAAATTTACAATGTAATTGTAACAGCTCATGCTTTTGTAATAATTTTTTTTATAGTTATACCTATTATAATTGGAGGATTCGGAAATTGATTGGTGCCTTTAATACTAGGGGCACCAGATATAGCATTCCCTCGAATAAATAATATAAGATTTTGACTTCTTCCTCCTTCTTTAACTCTCCTCCTAATAAGAAGTATAGTTGAAAAAGGGGCAGGTACAGGATGAACAGTTTACCCTCCCCTATCTTCTGGAATTGCCCATAGTGGAGCATCTGTTGATTTAGCTATTTTTAGATTACATTTAGCAGGTATCTCTTCAATTTTAGGGGCTGTAAATTTTATCACAACAATCATCAATATACGGTCAGTAGGAATAACCTTTGATCGAATACCCCTATTTGTGTGATCTGTTGGAATTACTGCATTATTATTATTACTTTCTTTACCAGTTTTAGCCGGAGCTATTACTATACTTTTAACAGACCGAAACTTAAATACTTCCTTTTTTGACCCTGCAGGTGGGGGAGACCCTATTCTTTATCAACATCTATTT
RNFCAR_LCO_HCO_24,AACTCTATATTTCATTTTTGGTGCCTGATCTGGAATAGTAGGAACTTCATTAAGAATATTAATCCGGGCCGAATTAGGTAATCCCGGATCCTTAATTGGAGATGACCAAATTTACAATGTAATTGTAACAGCTCATGCTTTTGTAATAATTTTTTTTATAGTTATACCTATTATAATTGGAGGATTCGGAAATTGATTGGTGCCTTTAATACTAGGGGCACCAGATATAGCATTCCCTCGAATAAATAATATAAGATTTTGACTTCTTCCTCCTTCTTTAACTCTCCTCCTAATAAGAAGTATAGTTGAAAAAGGGGCAGGTACAGGATGAACAGTTTACCCTCCCCTATCTTCTGGAATTGCCCATAGTGGAGCATCTGTTGATTTAGCTATTTTTAGATTACATTTAGCAGGTATCTCTTCAATTTTAGGGGCTGTAAATTTTATCACAACAATCATCAATATACGGTCAGTAGGAATAACCTTTGATCGAATACCCCTATTTGTGTGATCTGTTGGAATTACTGCATTATTATTATTACTTTCTTTACCAGTTTTAGCCGGAGCTATTACTATACTTTTAACAGACCGAAACTTAAATACTTCCTTTTTTGACCCTGCAGGTGGGGGAGACCCTATTCTTTATCAACATCTATTT
RNFCAR_LCO_HCO_25,AACTTTATATTTTATCTTTGGAGCATGATCAGGAATAGTAGGTACTTCATTAAGTATACTAATTCGAGCTGAATTAGGAAATCCTGGAGCATTAATTGGTGATGACCAAATTTATAATGTTATTGTTACTGCTCATGCATTTGTTATAATTTTTTTTATAGTAATACCTATTATAATTGGAGGATTTGGAAATTGATTAGTACCTTTAATATTAGGTGCTCCTGATATAGCTTTTCCTCGAATAAATAATATAAGTTTTTGATTACTTCCCCCTTCATTAACTCTTCTTTTAATGAGAAGAATGGTTGAAAGTGGAGCAGGAACTGGATGAACAGTTTATCCTCCCCTATCATCAGGAATTGCTCATGCTGGGGCTTCAGTAGATTTAGCTATTTTTAGTTTACATTTAGCTGGAATTTCATCTATTTTAGGAGCAGTAAATTTTATTACTACAATTATTAATATACGATCTGTTGGAATAACTTTTGATCGAATACCTTTATTTGTTTGATCTGTTGGAATTACTGCTTTATTATTATTACTTTCATTACCTGTACTAGCAGGAGCTATTACAATATTATTAACTGATCGAAACTTAAATACTTCATTTTTTGACCCTGCTGGAGGTGGAGATCCTATTTTATATCAACATTTATTT
RNFCAR_LCO_HCO_26,AACTTTATATTTTATCTTTGGAGCATGATCAGGAATAGTAGGTACTTCATTAAGTATACTAATTCGAGCTGAATTAGGAAATCCTGGAGCATTAATTGGTGATGACCAAATTTATAATGTTATTGTTACTGCTCATGCATTTGTTATAATTTTTTTTATAGTAATACCTATTATAATTGGAGGATTTGGAAATTGATTAGTACCTTTAATATTAGGTGCCCCTGATATAGCTTTTCCTCGAATAAATAATATAAGTTTTTGATTACTTCCCCCTTCATTAACTCTTCTTTTAATGAGAAGAATAGTTGAAAGTGGAGCAGGAACTGGATGAACAGTTTATCCCCCCCTATCATCAGGAATTGCTCATGCTGGGGCTTCAGTAGATTTAGCTATTTTTAGTTTACATTTAGCTGGAATTTCATCTATTTTAGGAGCAGTAAATTTTATTACTACAATTATTAATATACGATCTGTTGGAATAACTTTTGATCGAATACCTTTATTTGTTTGATCTGTTGGAATTACTGCTTTATTATTATTACTTTCATTACCTGTACTAGCAGGAGCTATTACAATATTATTAACTGATCGAAACTTAAATACTTCATTTTTTGACCCTGCTGGAGGTGGAGATCCTATTTTATATCAACATTTATTT
RNFCAR_LCO_HCO_27,AACTTTATATTTTATCTTTGGAGCATGATCAGGAATAGTAGGTACTTCATTAAGTATACTAATTCGAGCTGAATTAGGAAATCCTGGAGCATTAATTGGTGATGACCAAATTTATAATGTTATTGTTACTGCTCATGCATTTGTTATAATTTTTTTTATAGTAATACCTATTATAATTGGAGGATTTGGAAATTGATTAGTACCTTTAATATTAGGTGCTCCTGATATAGCTTTTCCTCGAATAAATAATATAAGTTTTTGATTACTTCCCCCTTCATTAACTCTTCTTTTAATGAGAAGAATGGTTGAAAGTGGAGCAGGAACTGGATGAACAGTTTATCCTCCCCTATCATCAGGAATTGCTCATGCTGGGGCTTCAGTAGATTTAGCTATTTTTAGTTTACATTTAGCTGGAATTTCATCTATTTTAGGAGCAGTAAATTTTATTACTACAATTATTAATATACGATCTGTTGGAATAACTTTTGATCGAATACCTTTATTTGTTTGATCTGTTGGAATTACTGCTTTATTATTATTACTTTCATTACCTGTACTAGCAGGAGCTATTACAATATTATTAACTGATCGAAACTTAAATACTTCATTTTTTGACCCTGCTGGAGGTGGAGATCCTATTTTATATCAACATTTATTT
RNFCAR_LCO_HCO_29,AACTTTATATTTTATTTTTGGAGCATGATCAGGAATAGTAGGTACTTCATTAAGTATATTGATTCGAGCTGAATTAGGAAATCCTGGAGCATTAATTGGTGATGATCAAATTTATAATGTTATTGTCACTGCTCATGCATTTGTTATAATTTTTTTTATAGTAATACCTATTATAATTGGAGGATTTGGAAATTGATTAGTACCTTTAATATTAGGTGCTCCCGATATAGCTTTTCCTCGAATAAATAATATAAGTTTTTGATTACTTCCCCCTTCTTTAAcCCTCCTTTTAATGAGAAGTATAGTTGAAAGTGGAGCAGGTACTGGATGAACAATTTATCCACCTTTATCATCAGGAATTGCTCATGCTGGAGCTTCAGTAGATCTAGCTATTTTTAGTTTACATTTAGCTGGAATTTCATCTATTTTAGGAGCAGTAAATTTTATTACTACAATTATTAATATACGATCTGTAGGAATAACTTTCTGATCGAATACCTTTATTTGTTTGATCTGTTGGAATTACCGCTCTATTATTACTACTTTCTTTACCTGTATTAGCTGGAGCTATCACAATATTATTAACTGATCGAAATTTGAATACTTCATTTTTTGACCCTGCAGGAGGTGGTGATCCTATTTTATATCAACATTTATTT
RNFCAR_HCO_31,AACATTATATTTTATTTTTGGAGCATGAGCAGGAATAGTAGGAACTTCATTAAGCATACTAATTCGAGCTGAATTGGGGACTCCTGGTGCATTGATTGGTGATGATCAAATTTATAATGTTATTGTTACTGCACATGCTTTTATCATAATTTTTTTTATAGTTATACCTATTATAATTGGAGGATTTGGAAATTGATTAGTACCTTTAATATTAGGTGCTCCTGATATAGCTTTTCCTCGTATAAATAATATAAGTTTTTGACTACTTCCTCCTTCTTTAACTCTTTTATTAATAAGAAGAATAGTAGAAAGTGGTGCTGGAACTGGATGAACAGTATATCCTCCTTTATCATCTGGAATTGCCCATAGAGGAGCTTCAGTTGATTTAGCAATTTTTAGTTTACATTTAGCTGGTATTTCATCAATTTTAGGTGCAGTAAATTTTATTACTACAATTATTAATATACGATCAGTAGGAATAACATTTGATCGAATACCATTATTTGTTTGATCAGTAGGAATTACTGCATTATTATTACTTTTATCATTACCAGTATTAGCCGGAGCTATTACTATATTATTAACAGATCGAAATT
RNFCAR_HCO_32,AACATTATATTTTATTTTTGGAGCATGAGCAGGAATAGTAGGAACTTCATTAAGCATACTAATTCGAGCTGAATTGGGGACTCCTGGTGCATTGATTGGTGATGATCAAATTTATAATGTTATTGTTACTGCACATGCTTTTATCATAATTTTTTTTATAGTTATACCTATTATAATTGGAGGATTTGGAAATTGATTAGTACCTTTAATATTAGGTGCTCCTGATATAGCTTTTCCTCGTATAAATAATATAAGTTTTTGACTACTTCCTCCTTCTTTAACTCTTTTATTAATAAGAAGAATAGTAGAAAATGGTGCTGGAACTGGATGAACAGTATATCCTCCTTTATCATCTGGAATTGCCCATAGAGGAGCTTCAGTTGATTTAGCAATTTTTAGTTTACATTTAGCTGGTGTTTCATCAATTTTAGGTGCAGTAAATTTTATTACTACAATTATTAATATACGATCAGTAGGAATAACATTTGATCGAATACCATTATTTGTTTGATCAGTAGGAATTACTGCATTATTATTACTTTTATCATTACCAGTATTAGCCGGAGCTATTACTATATTATTAACAGATCGAAATT
RNFCAR_LCO_33,------------------------------------------------------------------------------------------------------------AATTTATAATGTTATTGTTACTGCACATGCTTTTATCATAATTTTTTTTATAGTTATACCTATTATAATTGGAGGATTTGGAAATTGATTAGTACCTTTAATATTAGGTGCTCCTGATATAGCTTTTCCTCGTATAAATAATATAAGTTTTTGACTACTTCCTCCTTCTTTAACTCTTTTATTAATAAGAAGAATAGTAGAAAGTGGTGCTGGAACTGGATGAACAGTATATCCTCCTTTATCATCTGGAATTGCCCATAGAGGAGCTTCAGTTGATTTAGCAATTTTTAGTTTACATTTAGCTGGTATTTCATCAATTTTAGGTGCAGTAAATTTTATTACTACAATTATTAATATACGATCAGTAGGAATAACATTTGATCGAATACCATTATTTGTTTGATCAGTAGGAATTACTGCATTATTATTACTTTTATCATTACCAGTATTAGCCGGAGCTATTACTATATTATTAACAGATCGAAATTTAAATACTTCTTTTTTTGATCCTGCAGGAGGTGGTGATCCTATTTTATATCAACATTTATTT
RNFCAR_LCO_HCO_34,AACATTATATTTTATTTTTGGAGCATGAGCTGGAATAGTAGGAACTTCATTAAGCATATTAATTCGAGCTGAATTGGGGACTCCAGGTGCATTGATTGGTGATGATCAAATTTATAATGTTATTGTTACTGCACATGCTTTTATCATAATTTTTTTTATAGTAATACCAATTATAATTGGAGGATTTGGAAATTGATTAGTACCTTTAATATTAGGTGCTCCTGATATAGCTTTTCCTCGTATAAATAATATAAGTTTTTGATTACTTCCTCCTTCTTTAACTTTGCTTTTAATAAGCAGAATAGTAGAAAGTGGTGCTGGAACCGGATGAACAGTTTACCCACCTTTATCATCTGGAATTGCTCATAGAGGTGCCTCAGTAGATTTAGCAATTTTTAGACTACATTTAGCTGGAGTTTCATCTATTTTAGGAGCAGTAAATTTTATTACTACAATTATTAATATACGATCAGTAGGAATAACATTTGATCGAATACCATTATTTGTTTGATCAGTAGGAATTACTGCATTACTTTTACTTTTATCATTACCAGTATTAGCTGGAGCTATTACTATACTATTAACAGATCGAAATTTAAATACTTCATTTTTCGATCCTGCAGGAGGAGGAGATCCAATTTTATATCAACATTTATTT
RNFCAR_LCO_HCO_35,AACATTATATTTTATTTTTGGAGCATGAGCTGGAATAGTAGGAACTTCATTAAGCATATTAATTCGAGCTGAATTGGGGACTCCAGGTGCATTGATTGGTGATGATCAAATTTATAATGTTATTGTTACTGCACATGCTTTTATCATAATTTTTTTTATAGTAATACCAATTATAATTGGAGGATTTGGAAATTGATTAGTACCTTTAATATTAGGTGCTCCTGATATAGCTTTTCCTCGTATAAATAATATAAGTTTTTGATTACTTCCTCCTTCTTTAACTTTGCTTTTAATAAGCAGAATAGTAGAAAGTGGTGCTGGAACCGGATGAACAGTTTACCCACCTTTATCATCTGGAATTGCTCATAGAGGTGCCTCAGTAGATTTAGCAATTTTTAGACTACATTTAGCTGGAGTTTCATCTATTTTAGGAGCAGTAAATTTTATTACTACAATTATTAATATACGATCAGTAGGAATAACATTTGATCGAATACCATTATTTGTTTGATCAGTAGGAATTACTGCATTACTTTTACTTTTATCATTACCAGTATTAGCTGGAGCTATTACTATACTATTAACAGATCGAAATTTAAATACTTCATTTTTCGATCCTGCGGGAGGAGGAGATCCAATTTTATATCAACATTTATTT
RNFCAR_LCO_HCO_36,AACATTATATTTTATTTTTGGAGCATGAGCTGGAATAGTAGGAACTTCATTAAGCATATTAATTCGAGCTGAATTGGGGACTCCAGGTGCATTGATTGGTGATGATCAAATTTATAATGTTATTGTTACTGCACATGCTTTTATCATAATTTTTTTTATAGTAATACCAATTATAATTGGAGGATTTGGAAATTGATTAGTACCTTTAATATTAGGTGCTCCTGATATAGCTTTTCCTCGTATAAATAATATAAGTTTTTGATTACTTCCTCCTTCTTTAACTTTGCTTTTAATAAGCAGAATAGTAGAAAGTGGTGCTGGAACCGGATGAACAGTTTACCCACCTTTATCATCTGGAATTGCTCATAGAGGTGCCTCAGTAGATTTAGCAATTTTTAGACTACATTTAGCTGGAGTTTCATCTATTTTAGGAGCAGTAAATTTTATTACTACAATTATTAATATACGATCAGTAGGAATAACATTTGATCGAATACCATTATTTGTTTGATCAGTAGGAATTACTGCATTACTTTTACTTTTATCATTACCAGTATTAGCTGGAGCTATTACTATACTATTAACAGATCGAAATTTAAATACTTCATTTTTCGATCCTGCGGGAGGAGGAGATCCAATTTTATATCAACATTTATTT
RNFCAR_HCO_37,GACTTTATACTTTATTTTTGGTGCATGAGCAGGAATAGTAGGAACCTCTTTAAGAATACTAATTCGTGCTGAATTAGGAAATCCAGGAGCATTAATTGGAGATGACCAAGTTTATAATGTTATTGTAACAGCTCATGCATTTGTAATAATTTTCTTCATAGTAATACCTATCATAATTGGGGGATTTGGGAACTGATTAGTTCCTTTAATATTAGGAGCTCCAGATATAGCATTTCCTCGAATAAATAATATAAGTTTTTGACTTCTTCCTCCTTCATTAACCTTGCTTCTAATAAGAAGTATAGTTGAAAGAGGAGCTGGGACAGGTTGAACTGTCTACCCTCCACTTTCTTCTAGTATTGCTCATAGAGGAGCTTCAGTAGATTTAGCTATTTTTAGTTTACATTTAGCAGGAATTTCATCTATTTTAGGGGCTGTAAATTTTATTACTACAATTATTAATATACGTTCAGTAGGAATAACTTTTGATCGTATACCTTTATTTGTTTGATCAGTTGGAATTACTGCTTTACTATTATTATTATCTTTACCAGTA
RNFCAR_LCO_HCO_38,GACTTTATACTTTATTTTTGGTGCATGAGCAGGAATAGTAGGAACCTCTTTAAGAATACTAATTCGTGCTGAATTAGGAAATCCAGGAGCATTAATTGGAGATGACCAAGTTTATAATGTTATTGTAACAGCTCATGCATTTGTAATAATTTTCTTCATAGTAATACCTATCATAATTGGGGGATTTGGGAACTGATTAGTTCCTTTAATATTAGGAGCTCCAGATATAGCATTTCCTCGAATAAATAATATAAGTTTTTGACTTCTTCCTCCTTCATTAACCTTGCTTCTAATAAGAAGTATAGTTGAAAGAGGAGCTGGGACAGGTTGAACTGTCTACCCTCCACTTTCTTCTAGTATTGCTCATAGAGGAGCTTCAGTAGATTTAGCTATTTTTAGTTTACATTTAGCAGGAATTTCATCTATTTTAGGGGCTGTAAATTTTATTACTACAATTATTAATATACGTTCAGTAGGAATAACTTTTGATCGTATACCTTTATTTGTTTGATCAGTTGGAATTACTGCTTTACTATTATTATTATCTTTACCAGTATTAGCAGGAGCTATTACTATACTTTTGACAGATCGAAATTTAAATACTTCTTTTTTTGATCCTGCTGGAGGAGGTGACCCAATTCTTTATCAACATTTATTT
RNFCAR_LCO_HCO_40,AACTTTATATTTTATTTTTGGTATATGAGCAGGAATAGTAGGAACTTCATTAAGAATATTAATTCGTGCTGAATTAGGTAATCCTGGATCATTAATTGGGGATGATCAAATTTATAATGTTATTGTTACTGCACATGCATTTGTTATAATTTTTTTTATAGTTATACCAATTATAATTGGAGGATTTGGAAATTGATTAGTTCCTTTAATATTAGGAGCTCCTGATATAGCTTTCCCTCGAATAAATAATATAAGTTTTTGATTATTACCTCCTTCTTTAACATTACTTTTAATAAGTAGTATAGTTGAAAATGGATCTGGTACAGGATGAACAGTATACCCTCCTTTATCATCAGGAATTGCACATGCAGGAGCTTCAGTTGATTTAGCTATTTTTAGTTTACATTTAGCTGGAATTTCTTCTATTTTAGGAGCAGTAAATTTTATTACTACAATTATTAATATACGATCTACAGGAATAACATTTGATCGAATACCATTATTTGTTTGATCTGTAGGAATTACTGCTTTATTATTACTTCTTTCATTACCTGTATTAGCTGGTGCTATTACTATACTATTAACAGATCGAAATTTAAATACTTCTTTTTTTGATCCAGCTGGTGGAGGGGATCCTATTTTATATCAACATTTATTT
RNFCAR_LCO_41,-------------------------------------------------------------------------------------------TTAATTGGGGATGATCAAATTTATAATGTTATTGTTACTGCACATGCATTTGTTATAATTTTTTTTATAGTTATACCAATTATAATTGGAGGATTTGGAAATTGATTAGTTCCTTTAATATTAGGAGCTCCTGATATAGCTTTCCCTCGAATAAATAATATAAGTTTTTGATTATTACCTCCTTCTTTAACATTACTTTTAATAAGTAGTATAGTTGAAAATGGATCTGGTACAGGATGAACAGTATACCCTCCTTTATCATCAGGAATTGCACATGCAGGAGCTTCAGTTGATTTAGCTATTTTTAGTTTACATTTAGCTGGAATTTCTTCTATTTTAGGAGCAGTAAATTTTATTACTACAATTATTAATATACGATCTACAGGAATAACATTTGATCGAATACCATTATTTGTTTGATCTGTAGGAATTACTGCTTTATTATTACTTCTTTCATTACCTGTATTAGCTGGTGCTATTACTATACTATTAACAGATCGAAATTTAAATACTTCTTTTTTTGATCCAGCTGGTGGAGGGGATCCTATTTTATATCAACATTTATTT
RNFCAR_LCO_42,----------------------------------------------------------------------------ggtaatcctggatcaTTAATTGGGGATGATCAAATTTATAATGTTATTGTTACTGCACATGCATTTGTTATAATTTTTTTTATAGTTATACCAATTATAATTGGAGGATTTGGAAATTGATTAGTTCCTTTAATATTAGGAGCTCCTGATATAGCTTTCCCTCGAATAAATAATATAAGTTTTTGATTATTACCTCCTTCTTTAACATTACTTTTAATAAGTAGTATAGTTGAAAATGGATCTGGTACAGGATGAACAGTATACCCTCCTTTATCATCAGGAATTGCACATGCAGGAGCTTCAGTTGATTTAGCTATTTTTAGTTTACATTTAGCTGGAATTTCTTCTATTTTAGGAGCAGTAAATTTTATTACTACAATTATTAATATACGATCTACAGGAATAACATTTGATCGAATACCATTATTTGTTTGATCTGTAGGAATTACTGCTTTATTATTACTTCTTTCATTACCTGTATTAGCTGGTGCTATTACTATACTATTAACAGATCGAAATTTAAATACTTCTTTTTTTGATCCAGCTGGTGGAGGGGATCCTATTTTATATCAACATTTATTT
RNFCAR_LCO_HCO_43,AACATTATATTTTATTTTCGGAGCATGAGCAGGGATGGTAGGAACTTCATTAAGCATACTAATTCGAGCTGAATTGGGGACTCCTGGTGCATTGATTGGTGATGATCAAATTTATAATGTTATTGTTACTGCACATGCTTTTATTATAATTTTCTTTATAGTAATACCTATTATAATTGGAGGATTTGGAAATTGATTAGTACCTTTAATATTAGGTGCTCCTGATATAGCCTTTCCTCGTATAAATAATATAAGTTTTTGATTACTTCCCCCTTCTTTAACTCTTCTTTTAATAAGAAGAATAGTAGAAAGAGGAGCTGGAACTGGATGAACAGTATATCCACCTTTATCATCTGGAATTGCTCATAGAGGAGCTTCAGTAGATTTAGCAATTTTTAGACTACATTTAGCTGGAGTTTCTTCAATTTTAGGTGCAGTAAATTTCATTACTACAATTATTAATATACGATCAGTAGGAATAACATTTGATCGAATACCATTATTTGTTTGATCAGTAGGTATTACTGCATTACTTTTACTTTTATCTTTACCAGTATTAGCTGGAGCTATTACTATATTATTAACAGATCGAAATTTAAATACTTCTTTCTTTGATCCTGCAGGAGGAGGAGATCCTATTTTATATCAACATTTATTT
RNFCAR_LCO_HCO_44,AACATTATATTTTATTTTCGGAGCATGAGCAGGGATGGTAGGAACTTCATTAAGCATACTAATTCGAGCTGAATTGGGGACTCCTGGTGCATTGATTGGTGATGATCAAATTTATAATGTTATTGTTACTGCACATGCTTTTATTATAATTTTCTTTATAGTAATACCTATTATAATTGGAGGATTTGGAAATTGATTAGTACCTTTAATATTAGGTGCTCCTGATATAGCCTTTCCTCGTATAAATAATATAAGTTTTTGATTACTTCCCCCTTCTTTAACTCTTCTTTTAATAAGAAGAATAGTAGAAAGAGGAGCTGGAACTGGATGAACAGTATATCCACCTTTATCATCTGGAATTGCTCATAGAGGAGCTTCAGTAGATTTAGCAATTTTTAGACTACATTTAGCTGGAGTTTCTTCAATTTTAGGTGCAGTAAATTTCATTACTACAATTATTAATATACGATCAGTAGGAATAACATTTGATCGAATACCATTATTTGTTTGATCAGTAGGTATTACTGCATTACTTTTACTTTTATCTTTACCAGTATTAGCTGGAGCTATTACTATATTATTAACAGATCGAAATTTAAATACTTCTTTCTTTGATCCTGCAGGAGGAGGAGATCCTATTTTATATCAACATTTATTT
RNFCAR_LCO_HCO_45,AACATTATATTTTATTTTCGGAGCATGAGCAGGGATGGTAGGAACTTCATTAAGCATACTAATTCGAGCTGAATTGGGGACTCCTGGTGCATTGATTGGTGATGATCAAATTTATAATGTTATTGTTACTGCACATGCTTTTATTATAATTTTCTTTATAGTAATACCTATTATAATTGGAGGATTTGGAAATTGATTAGTACCTTTAATATTAGGTGCTCCTGATATAGCCTTTCCTCGTATAAATAATATAAGTTTTTGATTACTTCCCCCTTCTTTAACTCTTCTTTTAATAAGAAGAATAGTAGAAAGAGGAGCTGGAACTGGATGAACAGTATATCCACCTTTATCATCTGGAATTGCTCATAGAGGAGCTTCAGTAGATTTAGCAATTTTTAgACTACATTTAGCTGGAGTTTCTTCAATTTTAGGTGCAGTAAATTTCATTACTACAATTATTAATATACGATCAGTAGGAATAACATTTGATCGAATACCATTATTTGTTTGATCAGTAGGTATTACTGCATTACTTTTACTTTTATCTTTACCAGTATTAGCTGGAGCTATTACTATATTATTAACAGATCGAAATTTAAATACTTCTTTCTTTGATCCTGCAGGAGGAGGAGATCCTATTTTATATCAACATTTATTT
RNFCAR_LCO_HCO_47,AACTTTATATTTTATTTTTGGTGCCTGATCAGGAATAGTAGGAACTTCATTAAGAATATTAATTCGAGCTGAATTAGGAAATCCTGGATCACTAATTGGAGATGACCAAATTTATAATGTTATTGTAACAGCCCATGCCTTTGTAATAATTTTTTTTATAGTAATACCAATTATAATTGGGGGATTTGGAAATTGATTAGTTCCTTTAATACTTGGAGCCCCAGATATGGCATTCCCTCGAATGAATAATATAAGATTTTGACTTCTTCCTCCTTCTTTAACTCTCCTCCTAATAAGAAGAATAGTTGAAAAAGGGGCAGGTACAGGATGAACAGTTTACCCTCCGCTTTCTTCTGGAATTGCACATAGAGGTGCATCTGTAGATTTAGCCATTTTTAGATTACATTTAGCGGGAGTATCCTCAATTTTAGGTGCTGTAAATTTTATTACCACAATTATTAATATACGATCTGTAGGAATAACTTTTGATCGAATACCTTTATTTGTATGATCTGTAGGAATTACAGCATTATTGTTATTACTTTCATTACCAGTCTTAGCCGGGGCTATTACTATGCTTTTAACTGATCGAAATTTAAATACTTCATTTTTTGATCCTGCGGGAGGAGGAGACCCGATTCTTTACCAACATCTGTTT
RNFCAR_LCO_HCO_48,AACTTTATATTTTATTTTTGGTGCCTGATCAGGAATAGTAGGAACTTCATTAAGAATATTAATTCGAGCTGAATTAGGGAATCCTGGATCACTAATTGGAGATGACCAAATTTATAATGTTATTGTAACAGCCCATGCCTTTGTAATAATTTTTTTTATAGTAATACCAATTATAATTGGGGGATTTGGAAATTGATTAGTTCCTTTAATACTTGGAGCCCCAGATATGGCATTCCCTCGAATGAATAATATAAGATTTTGACTTCTTCCTCCTTCTTTAACTCTCCTCCTAATAAGAAGAATAGTTGAAAAAGGGGCAGGTACAGGATGAACAGTTTACCCTCCGCTTTCTTCTGGAATTGCACATAGAGGTGCATCTGTAGATTTAGCCATTTTTAGATTACATTTAGCGGGAGTATCCTCAATTTTAGGTGCTGTAAATTTTATTACCACAATTATTAATATACGATCTGTAGGAATAACTTTTGACCGAATACCTTTATTTGTATGATCTGTAGGAATTACAGCATTATTGTTATTACTTTCATTACCAGTCTTAGCCGGGGCTATTACTATGCTTTTAACTGATCGAAATTTAAATACTTCATTTTTTGATCCTGCGGGAGGAGGAGACCCGATTCTTTACCAACATCTGTTT
